<?xml version="1.0" encoding="UTF-8"?>
<objects serializationModel="Studio.02.02.00">
	<object class="ParameterPreset" id="{476e463f-17f1-4b55-926e-8d8885f9d9ff}">
		<property name="name">
			<value>Pause_Menu</value>
		</property>
		<relationship name="folder">
			<destination>{38d45f51-3366-49a3-8fe6-f56eca807c46}</destination>
		</relationship>
		<relationship name="parameter">
			<destination>{5c95a7f2-a16c-4f1f-bad0-ce79ac697425}</destination>
		</relationship>
	</object>
	<object class="GameParameter" id="{5c95a7f2-a16c-4f1f-bad0-ce79ac697425}">
		<property name="initialValue">
			<value>0</value>
		</property>
		<property name="seekSpeed">
			<value>3</value>
		</property>
		<property name="isExposedRecursively">
			<value>false</value>
		</property>
	</object>
</objects>
