<?xml version="1.0" encoding="UTF-8"?>
<objects serializationModel="Studio.02.02.00">
	<object class="ParameterPreset" id="{4e0b59a4-859a-4dfc-a563-2488ca3ab7bc}">
		<property name="name">
			<value>coin-type</value>
		</property>
		<relationship name="folder">
			<destination>{38d45f51-3366-49a3-8fe6-f56eca807c46}</destination>
		</relationship>
		<relationship name="parameter">
			<destination>{a02fae97-e0dd-4f9c-a1b5-7e76c3044e77}</destination>
		</relationship>
	</object>
	<object class="GameParameter" id="{a02fae97-e0dd-4f9c-a1b5-7e76c3044e77}">
		<property name="parameterType">
			<value>2</value>
		</property>
		<property name="maximum">
			<value>3</value>
		</property>
		<property name="enumerationLabels">
			<value>coin</value>
			<value>big</value>
			<value>bad</value>
		</property>
		<property name="initialValue">
			<value>0</value>
		</property>
	</object>
</objects>
