<?xml version="1.0" encoding="UTF-8"?>
<objects serializationModel="Studio.02.02.00">
	<object class="ParameterPreset" id="{f21961d7-00ba-43b4-8d10-8ec39eb20e7e}">
		<property name="name">
			<value>shop</value>
		</property>
		<relationship name="folder">
			<destination>{38d45f51-3366-49a3-8fe6-f56eca807c46}</destination>
		</relationship>
		<relationship name="parameter">
			<destination>{731209d3-603e-4e6e-9bd9-fe4e84470e68}</destination>
		</relationship>
	</object>
	<object class="GameParameter" id="{731209d3-603e-4e6e-9bd9-fe4e84470e68}">
		<property name="parameterType">
			<value>1</value>
		</property>
		<property name="maximum">
			<value>2</value>
		</property>
		<property name="initialValue">
			<value>0</value>
		</property>
	</object>
</objects>
