<?xml version="1.0" encoding="UTF-8"?>
<objects serializationModel="Studio.02.02.00">
	<object class="ParameterPreset" id="{f30f6e8a-2e84-45bd-aa27-3270e3ba848a}">
		<property name="name">
			<value>End_Music</value>
		</property>
		<relationship name="folder">
			<destination>{38d45f51-3366-49a3-8fe6-f56eca807c46}</destination>
		</relationship>
		<relationship name="parameter">
			<destination>{f3cb46f0-22b6-4eba-8810-c56a3a010a65}</destination>
		</relationship>
	</object>
	<object class="GameParameter" id="{f3cb46f0-22b6-4eba-8810-c56a3a010a65}">
		<property name="parameterType">
			<value>1</value>
		</property>
		<property name="maximum">
			<value>2</value>
		</property>
		<property name="initialValue">
			<value>0</value>
		</property>
	</object>
</objects>
