<?xml version="1.0" encoding="UTF-8"?>
<objects serializationModel="Studio.02.02.00">
	<object class="EncodingSetting" id="{87ac35f2-e90e-4afc-8b27-3372672c6204}">
		<property name="encodingFormat">
			<value>3</value>
		</property>
		<property name="quality">
			<value>37</value>
		</property>
		<relationship name="platform">
			<destination>{d1f2aec6-b87d-4c77-baaa-f9a6e3d7e694}</destination>
		</relationship>
		<relationship name="encodable">
			<destination>{d1f2aec6-b87d-4c77-baaa-f9a6e3d7e694}</destination>
		</relationship>
	</object>
</objects>
