<?xml version="1.0" encoding="UTF-8"?>
<objects serializationModel="Studio.02.02.00">
	<object class="Event" id="{378621c0-7601-4b25-a6c5-bb39b599f677}">
		<property name="name">
			<value>Menu_Music</value>
		</property>
		<property name="outputFormat">
			<value>1</value>
		</property>
		<relationship name="folder">
			<destination>{4d33030c-dae2-40e1-9e48-391bcc05c32f}</destination>
		</relationship>
		<relationship name="mixer">
			<destination>{23d4b934-c221-46b3-9304-d3de8604ef2a}</destination>
		</relationship>
		<relationship name="masterTrack">
			<destination>{1478337f-4d0d-42fe-a1f9-1ddeedd63aea}</destination>
		</relationship>
		<relationship name="mixerInput">
			<destination>{36ec2d90-cff1-48ef-8ac5-c265d3481575}</destination>
		</relationship>
		<relationship name="automatableProperties">
			<destination>{482b3364-5f92-4b79-ab87-3fb97dbe72cf}</destination>
		</relationship>
		<relationship name="markerTracks">
			<destination>{f4aebf48-7f7f-415e-a185-f311c8967fb7}</destination>
			<destination>{fe09ee48-3164-49f4-bfe0-38036d19b672}</destination>
		</relationship>
		<relationship name="groupTracks">
			<destination>{03e67de7-51fa-4fec-8d19-8efb5be3da70}</destination>
		</relationship>
		<relationship name="timeline">
			<destination>{58be990a-f53b-4364-a6ed-4dc73f46c6e4}</destination>
		</relationship>
		<relationship name="banks">
			<destination>{a0f99ade-5aba-45a5-b9ad-bcf5e1b316bb}</destination>
		</relationship>
	</object>
	<object class="EventMixer" id="{23d4b934-c221-46b3-9304-d3de8604ef2a}">
		<relationship name="masterBus">
			<destination>{1f149e49-b0e4-415b-9029-261d684bd0b9}</destination>
		</relationship>
	</object>
	<object class="MasterTrack" id="{1478337f-4d0d-42fe-a1f9-1ddeedd63aea}">
		<relationship name="mixerGroup">
			<destination>{1f149e49-b0e4-415b-9029-261d684bd0b9}</destination>
		</relationship>
	</object>
	<object class="MixerInput" id="{36ec2d90-cff1-48ef-8ac5-c265d3481575}">
		<relationship name="effectChain">
			<destination>{b2441a03-64b0-430a-b920-378de4538556}</destination>
		</relationship>
		<relationship name="panner">
			<destination>{fd5de9ec-b4af-498c-b057-b8108d024073}</destination>
		</relationship>
		<relationship name="output">
			<destination>{02d592e2-6eec-4351-b4e8-dca5c1905e06}</destination>
		</relationship>
	</object>
	<object class="EventAutomatableProperties" id="{482b3364-5f92-4b79-ab87-3fb97dbe72cf}" />
	<object class="MarkerTrack" id="{f4aebf48-7f7f-415e-a185-f311c8967fb7}" />
	<object class="MarkerTrack" id="{fe09ee48-3164-49f4-bfe0-38036d19b672}" />
	<object class="GroupTrack" id="{03e67de7-51fa-4fec-8d19-8efb5be3da70}">
		<relationship name="modules">
			<destination>{a7f579bc-d4aa-4444-954c-df78605a4153}</destination>
		</relationship>
		<relationship name="mixerGroup">
			<destination>{33b9ad6c-235a-4a27-91ba-c11275d4d2f3}</destination>
		</relationship>
	</object>
	<object class="Timeline" id="{58be990a-f53b-4364-a6ed-4dc73f46c6e4}">
		<relationship name="modules">
			<destination>{a7f579bc-d4aa-4444-954c-df78605a4153}</destination>
		</relationship>
		<relationship name="markers">
			<destination>{7804fc78-7345-4ca2-b277-1be4e8049558}</destination>
			<destination>{3052aa6c-2eae-4067-a7fd-9e2d1b752065}</destination>
		</relationship>
	</object>
	<object class="EventMixerMaster" id="{1f149e49-b0e4-415b-9029-261d684bd0b9}">
		<relationship name="effectChain">
			<destination>{ac2686d8-7960-47bf-a9fe-479d96f968a4}</destination>
		</relationship>
		<relationship name="panner">
			<destination>{48b0a1e4-0c47-4fe6-a46d-a4431257ddaf}</destination>
		</relationship>
		<relationship name="mixer">
			<destination>{23d4b934-c221-46b3-9304-d3de8604ef2a}</destination>
		</relationship>
	</object>
	<object class="MixerBusEffectChain" id="{b2441a03-64b0-430a-b920-378de4538556}">
		<relationship name="effects">
			<destination>{8751ffc0-45ab-4329-ac94-7769d9da00ab}</destination>
		</relationship>
	</object>
	<object class="MixerBusPanner" id="{fd5de9ec-b4af-498c-b057-b8108d024073}" />
	<object class="SingleSound" id="{a7f579bc-d4aa-4444-954c-df78605a4153}">
		<property name="length">
			<value>47.953125</value>
		</property>
		<property name="timelockedOffset">
			<value>0.046875</value>
		</property>
		<relationship name="audioFile">
			<destination>{8c2f49fb-62ce-4c5b-82fe-8fb85cff7919}</destination>
		</relationship>
	</object>
	<object class="EventMixerGroup" id="{33b9ad6c-235a-4a27-91ba-c11275d4d2f3}">
		<property name="name">
			<value>Audio 1</value>
		</property>
		<relationship name="effectChain">
			<destination>{affa0e02-7efc-4e9e-becf-ac4cdee6ba77}</destination>
		</relationship>
		<relationship name="panner">
			<destination>{0ffa29e5-ccf0-4402-a9e4-dfb11d6f0db3}</destination>
		</relationship>
		<relationship name="output">
			<destination>{1f149e49-b0e4-415b-9029-261d684bd0b9}</destination>
		</relationship>
	</object>
	<object class="LoopRegion" id="{7804fc78-7345-4ca2-b277-1be4e8049558}">
		<property name="position">
			<value>0</value>
		</property>
		<property name="length">
			<value>32</value>
		</property>
		<relationship name="timeline">
			<destination>{58be990a-f53b-4364-a6ed-4dc73f46c6e4}</destination>
		</relationship>
		<relationship name="markerTrack">
			<destination>{fe09ee48-3164-49f4-bfe0-38036d19b672}</destination>
		</relationship>
	</object>
	<object class="TempoMarker" id="{3052aa6c-2eae-4067-a7fd-9e2d1b752065}">
		<property name="position">
			<value>0</value>
		</property>
		<relationship name="timeline">
			<destination>{58be990a-f53b-4364-a6ed-4dc73f46c6e4}</destination>
		</relationship>
		<relationship name="markerTrack">
			<destination>{f4aebf48-7f7f-415e-a185-f311c8967fb7}</destination>
		</relationship>
	</object>
	<object class="MixerBusEffectChain" id="{ac2686d8-7960-47bf-a9fe-479d96f968a4}">
		<relationship name="effects">
			<destination>{10fb1e01-6db6-48ad-88cc-371205021954}</destination>
		</relationship>
	</object>
	<object class="MixerBusPanner" id="{48b0a1e4-0c47-4fe6-a46d-a4431257ddaf}" />
	<object class="MixerBusFader" id="{8751ffc0-45ab-4329-ac94-7769d9da00ab}" />
	<object class="MixerBusEffectChain" id="{affa0e02-7efc-4e9e-becf-ac4cdee6ba77}">
		<relationship name="effects">
			<destination>{5a657d43-9826-4337-b417-d276a4758446}</destination>
		</relationship>
	</object>
	<object class="MixerBusPanner" id="{0ffa29e5-ccf0-4402-a9e4-dfb11d6f0db3}" />
	<object class="MixerBusFader" id="{10fb1e01-6db6-48ad-88cc-371205021954}" />
	<object class="MixerBusFader" id="{5a657d43-9826-4337-b417-d276a4758446}" />
</objects>
