<?xml version="1.0" encoding="UTF-8"?>
<objects serializationModel="Studio.02.02.00">
	<object class="Event" id="{d2e5f7f1-3136-4ccd-a3c1-2c98ee1d12fd}">
		<property name="name">
			<value>Coins</value>
		</property>
		<property name="outputFormat">
			<value>0</value>
		</property>
		<relationship name="folder">
			<destination>{4d33030c-dae2-40e1-9e48-391bcc05c32f}</destination>
		</relationship>
		<relationship name="mixer">
			<destination>{f62fd8f7-933b-4d20-a3a1-cfd4a23119df}</destination>
		</relationship>
		<relationship name="masterTrack">
			<destination>{e47bda96-27dc-442e-94cd-16a47a6b05b5}</destination>
		</relationship>
		<relationship name="mixerInput">
			<destination>{3e0190ac-aa2e-42c4-b767-05b957628b6e}</destination>
		</relationship>
		<relationship name="automatableProperties">
			<destination>{0705445c-7a11-4204-83ff-6a383b53889f}</destination>
		</relationship>
		<relationship name="markerTracks">
			<destination>{a43f17af-d928-4325-9dad-83a8e9024ec9}</destination>
		</relationship>
		<relationship name="timeline">
			<destination>{225c8589-2a0f-4563-9156-7efeb53f0fa3}</destination>
		</relationship>
		<relationship name="parameters">
			<destination>{16870a71-7225-48b5-9d12-3189c00ae1fa}</destination>
		</relationship>
		<relationship name="banks">
			<destination>{771caf9b-c057-4782-a34d-4de866ed624d}</destination>
		</relationship>
	</object>
	<object class="EventMixer" id="{f62fd8f7-933b-4d20-a3a1-cfd4a23119df}">
		<relationship name="masterBus">
			<destination>{cc061062-a0d8-433f-9394-0332f24e10a7}</destination>
		</relationship>
	</object>
	<object class="MasterTrack" id="{e47bda96-27dc-442e-94cd-16a47a6b05b5}">
		<relationship name="modules">
			<destination>{c50ede93-268c-4907-a9af-0ee4336cb8dc}</destination>
			<destination>{c267ddaa-71e5-4240-b2e5-bdafeabb32c2}</destination>
		</relationship>
		<relationship name="mixerGroup">
			<destination>{cc061062-a0d8-433f-9394-0332f24e10a7}</destination>
		</relationship>
	</object>
	<object class="MixerInput" id="{3e0190ac-aa2e-42c4-b767-05b957628b6e}">
		<relationship name="effectChain">
			<destination>{4bae6fc9-71b2-4060-8151-86cc30d72db2}</destination>
		</relationship>
		<relationship name="panner">
			<destination>{c84637e9-bb06-4cff-94e4-cef602730965}</destination>
		</relationship>
		<relationship name="output">
			<destination>{5a83c810-0adf-4826-a93c-74f524007833}</destination>
		</relationship>
	</object>
	<object class="EventAutomatableProperties" id="{0705445c-7a11-4204-83ff-6a383b53889f}" />
	<object class="MarkerTrack" id="{a43f17af-d928-4325-9dad-83a8e9024ec9}" />
	<object class="Timeline" id="{225c8589-2a0f-4563-9156-7efeb53f0fa3}">
		<property name="isProxyEnabled">
			<value>false</value>
		</property>
	</object>
	<object class="ParameterProxy" id="{16870a71-7225-48b5-9d12-3189c00ae1fa}">
		<relationship name="modules">
			<destination>{c50ede93-268c-4907-a9af-0ee4336cb8dc}</destination>
			<destination>{c267ddaa-71e5-4240-b2e5-bdafeabb32c2}</destination>
		</relationship>
		<relationship name="preset">
			<destination>{a02fae97-e0dd-4f9c-a1b5-7e76c3044e77}</destination>
		</relationship>
	</object>
	<object class="EventMixerMaster" id="{cc061062-a0d8-433f-9394-0332f24e10a7}">
		<relationship name="effectChain">
			<destination>{ea2ee61c-265d-44ca-b42a-0f51e7a010b1}</destination>
		</relationship>
		<relationship name="panner">
			<destination>{71a66e61-1f7f-4870-9b0a-8e64d0c35a5b}</destination>
		</relationship>
		<relationship name="mixer">
			<destination>{f62fd8f7-933b-4d20-a3a1-cfd4a23119df}</destination>
		</relationship>
	</object>
	<object class="SingleSound" id="{c50ede93-268c-4907-a9af-0ee4336cb8dc}">
		<relationship name="audioFile">
			<destination>{dde8dee9-828f-4e0e-9ebb-163d88791327}</destination>
		</relationship>
	</object>
	<object class="SingleSound" id="{c267ddaa-71e5-4240-b2e5-bdafeabb32c2}">
		<property name="start">
			<value>1</value>
		</property>
		<property name="volume">
			<value>6.5</value>
		</property>
		<relationship name="audioFile">
			<destination>{5c2b5a04-4258-4ef4-8e49-c85f68848528}</destination>
		</relationship>
	</object>
	<object class="MixerBusEffectChain" id="{4bae6fc9-71b2-4060-8151-86cc30d72db2}">
		<relationship name="effects">
			<destination>{18b1b463-71a3-409f-ae53-d08d585e8d6a}</destination>
		</relationship>
	</object>
	<object class="MixerBusPanner" id="{c84637e9-bb06-4cff-94e4-cef602730965}" />
	<object class="MixerBusEffectChain" id="{ea2ee61c-265d-44ca-b42a-0f51e7a010b1}">
		<relationship name="effects">
			<destination>{159154b8-dd65-42c5-b8a7-4b888cd3e789}</destination>
		</relationship>
	</object>
	<object class="MixerBusPanner" id="{71a66e61-1f7f-4870-9b0a-8e64d0c35a5b}" />
	<object class="MixerBusFader" id="{18b1b463-71a3-409f-ae53-d08d585e8d6a}" />
	<object class="MixerBusFader" id="{159154b8-dd65-42c5-b8a7-4b888cd3e789}" />
</objects>
