<?xml version="1.0" encoding="UTF-8"?>
<objects serializationModel="Studio.02.02.00">
	<object class="Event" id="{f068994f-af90-4dac-bf20-dd5f436702c5}">
		<property name="name">
			<value>Main_Music</value>
		</property>
		<property name="outputFormat">
			<value>1</value>
		</property>
		<relationship name="folder">
			<destination>{4d33030c-dae2-40e1-9e48-391bcc05c32f}</destination>
		</relationship>
		<relationship name="mixer">
			<destination>{b56cc8bc-7ec4-4e70-b5b6-16dda16cddd8}</destination>
		</relationship>
		<relationship name="masterTrack">
			<destination>{e02d0a7e-4d33-495d-8774-5706d185fd5a}</destination>
		</relationship>
		<relationship name="mixerInput">
			<destination>{0b99a1f2-2103-4c20-83da-54521b342d56}</destination>
		</relationship>
		<relationship name="automatableProperties">
			<destination>{7f585884-0701-4020-929a-e54e47320a11}</destination>
		</relationship>
		<relationship name="markerTracks">
			<destination>{f587e037-a79f-4c5c-acb3-15db229d1ded}</destination>
			<destination>{8c4dfd0f-f98a-40ae-92c9-7c154eea936a}</destination>
			<destination>{801b443c-e1f6-4bc0-8007-dcbf0fe5993e}</destination>
			<destination>{3bf67b9e-ed41-41ea-abc1-5e2abd1a85d6}</destination>
			<destination>{c9256eba-4c24-4a0b-9e0a-3ee447f9793a}</destination>
		</relationship>
		<relationship name="groupTracks">
			<destination>{e04a1e2e-e0c4-43fb-9d00-521df1479869}</destination>
			<destination>{44fa24cb-ce33-4f0a-a874-090889e1ecc5}</destination>
			<destination>{a73ff525-2941-4a82-95ff-7c5eb5fcb007}</destination>
		</relationship>
		<relationship name="timeline">
			<destination>{5111fb30-50c2-43b1-bf6f-6efb3b252413}</destination>
		</relationship>
		<relationship name="banks">
			<destination>{a0f99ade-5aba-45a5-b9ad-bcf5e1b316bb}</destination>
		</relationship>
	</object>
	<object class="EventMixer" id="{b56cc8bc-7ec4-4e70-b5b6-16dda16cddd8}">
		<relationship name="masterBus">
			<destination>{86ba7923-3f0c-4563-b467-c235df61bacd}</destination>
		</relationship>
	</object>
	<object class="MasterTrack" id="{e02d0a7e-4d33-495d-8774-5706d185fd5a}">
		<relationship name="automationTracks">
			<destination>{de56c7bd-b8c8-494f-b0b9-a822a8d5f76a}</destination>
		</relationship>
		<relationship name="mixerGroup">
			<destination>{86ba7923-3f0c-4563-b467-c235df61bacd}</destination>
		</relationship>
	</object>
	<object class="MixerInput" id="{0b99a1f2-2103-4c20-83da-54521b342d56}">
		<relationship name="effectChain">
			<destination>{3fc703fd-949f-43e0-869c-c97da4864b95}</destination>
		</relationship>
		<relationship name="panner">
			<destination>{77212820-c814-4c7d-8a11-e5229d1533be}</destination>
		</relationship>
		<relationship name="output">
			<destination>{02d592e2-6eec-4351-b4e8-dca5c1905e06}</destination>
		</relationship>
	</object>
	<object class="EventAutomatableProperties" id="{7f585884-0701-4020-929a-e54e47320a11}" />
	<object class="MarkerTrack" id="{f587e037-a79f-4c5c-acb3-15db229d1ded}" />
	<object class="MarkerTrack" id="{8c4dfd0f-f98a-40ae-92c9-7c154eea936a}" />
	<object class="MarkerTrack" id="{801b443c-e1f6-4bc0-8007-dcbf0fe5993e}" />
	<object class="MarkerTrack" id="{3bf67b9e-ed41-41ea-abc1-5e2abd1a85d6}" />
	<object class="MarkerTrack" id="{c9256eba-4c24-4a0b-9e0a-3ee447f9793a}" />
	<object class="GroupTrack" id="{e04a1e2e-e0c4-43fb-9d00-521df1479869}">
		<relationship name="modules">
			<destination>{f4191b4f-235f-4f44-8314-33a32982bac8}</destination>
		</relationship>
		<relationship name="mixerGroup">
			<destination>{4ce3777d-c39b-408e-88ca-28ac3e22537a}</destination>
		</relationship>
	</object>
	<object class="GroupTrack" id="{44fa24cb-ce33-4f0a-a874-090889e1ecc5}">
		<relationship name="modules">
			<destination>{6f213faf-4e9e-4d4e-a639-ddc975b4268b}</destination>
			<destination>{68e60782-c78c-4452-ac3c-a57b35f01e50}</destination>
		</relationship>
		<relationship name="mixerGroup">
			<destination>{988fe8e5-16ec-48c0-ae34-1cfa179f9cd1}</destination>
		</relationship>
	</object>
	<object class="GroupTrack" id="{a73ff525-2941-4a82-95ff-7c5eb5fcb007}">
		<relationship name="modules">
			<destination>{019a3182-facb-4b83-ac24-1347f4efec32}</destination>
		</relationship>
		<relationship name="mixerGroup">
			<destination>{e26619ef-6512-4ede-9aaf-b311c2973d3f}</destination>
		</relationship>
	</object>
	<object class="Timeline" id="{5111fb30-50c2-43b1-bf6f-6efb3b252413}">
		<relationship name="modules">
			<destination>{f4191b4f-235f-4f44-8314-33a32982bac8}</destination>
			<destination>{6f213faf-4e9e-4d4e-a639-ddc975b4268b}</destination>
			<destination>{68e60782-c78c-4452-ac3c-a57b35f01e50}</destination>
			<destination>{019a3182-facb-4b83-ac24-1347f4efec32}</destination>
		</relationship>
		<relationship name="markers">
			<destination>{c3377a86-b7d5-46fa-9477-02b452f73d5b}</destination>
			<destination>{01a45c59-6aea-4f1e-87b5-22d5be7818cf}</destination>
			<destination>{328c27ff-0e5a-488c-bee8-4b8660e85ac5}</destination>
			<destination>{451b2b3f-ea77-4f11-b91a-c9128b8985fd}</destination>
			<destination>{5a70d2b7-e85a-4dba-bffa-cf2178956500}</destination>
			<destination>{38482c8e-7969-42d4-b50f-cfe79f3478c4}</destination>
			<destination>{e9f1820a-c1d6-436d-90d6-a2e3b4d52bfe}</destination>
			<destination>{c31654fc-a100-4320-a68b-db152177e707}</destination>
			<destination>{4bbe77ed-73f3-421e-a65e-3d96ed0fb0b6}</destination>
			<destination>{43031bb1-98b1-4371-a41b-f6ef49fdb854}</destination>
		</relationship>
	</object>
	<object class="EventMixerMaster" id="{86ba7923-3f0c-4563-b467-c235df61bacd}">
		<relationship name="effectChain">
			<destination>{2b4a7901-4d1c-4549-8ec7-1fa7f804b3fc}</destination>
		</relationship>
		<relationship name="panner">
			<destination>{dbbabd23-c456-4fa5-b69b-11d405e014f2}</destination>
		</relationship>
		<relationship name="mixer">
			<destination>{b56cc8bc-7ec4-4e70-b5b6-16dda16cddd8}</destination>
		</relationship>
	</object>
	<object class="AutomationTrack" id="{de56c7bd-b8c8-494f-b0b9-a822a8d5f76a}">
		<relationship name="automator">
			<destination>{b8d5030b-f2eb-4aa7-8b87-2ef4ef217eca}</destination>
		</relationship>
	</object>
	<object class="MixerBusEffectChain" id="{3fc703fd-949f-43e0-869c-c97da4864b95}">
		<relationship name="effects">
			<destination>{b4a0a69b-8aba-4c4c-9d9d-c87e8ee14427}</destination>
		</relationship>
	</object>
	<object class="MixerBusPanner" id="{77212820-c814-4c7d-8a11-e5229d1533be}" />
	<object class="SingleSound" id="{f4191b4f-235f-4f44-8314-33a32982bac8}">
		<property name="start">
			<value>2</value>
		</property>
		<property name="length">
			<value>16</value>
		</property>
		<property name="timelockedOffset">
			<value>0.046875</value>
		</property>
		<relationship name="audioFile">
			<destination>{d6d890af-c53b-416e-904d-fbaf45bc9e09}</destination>
		</relationship>
	</object>
	<object class="EventMixerGroup" id="{4ce3777d-c39b-408e-88ca-28ac3e22537a}">
		<property name="name">
			<value>Audio 1</value>
		</property>
		<relationship name="effectChain">
			<destination>{aef8a365-2eeb-48a8-b356-1a6ad87d2b35}</destination>
		</relationship>
		<relationship name="panner">
			<destination>{66584559-f7e8-445f-afad-2d201f083d3d}</destination>
		</relationship>
		<relationship name="output">
			<destination>{86ba7923-3f0c-4563-b467-c235df61bacd}</destination>
		</relationship>
	</object>
	<object class="SingleSound" id="{6f213faf-4e9e-4d4e-a639-ddc975b4268b}">
		<property name="start">
			<value>18</value>
		</property>
		<property name="length">
			<value>96.000000000000014</value>
		</property>
		<property name="timelockedOffset">
			<value>0.049856563253655395</value>
		</property>
		<relationship name="audioFile">
			<destination>{f0eeea70-7a19-42b8-b9d4-338a00b9cc4d}</destination>
		</relationship>
	</object>
	<object class="SingleSound" id="{68e60782-c78c-4452-ac3c-a57b35f01e50}">
		<property name="start">
			<value>160</value>
		</property>
		<property name="length">
			<value>95.999999999999986</value>
		</property>
		<property name="timelockedOffset">
			<value>0.049831811109157798</value>
		</property>
		<relationship name="audioFile">
			<destination>{4adccf78-5082-490d-86b3-dc190b0e7c89}</destination>
		</relationship>
	</object>
	<object class="EventMixerGroup" id="{988fe8e5-16ec-48c0-ae34-1cfa179f9cd1}">
		<property name="name">
			<value>Audio 2</value>
		</property>
		<relationship name="effectChain">
			<destination>{b3d2b4dc-9e19-4806-a9e2-3da80a7a4585}</destination>
		</relationship>
		<relationship name="panner">
			<destination>{5d28e2a5-d818-425f-a6b1-e97657b32fa6}</destination>
		</relationship>
		<relationship name="output">
			<destination>{86ba7923-3f0c-4563-b467-c235df61bacd}</destination>
		</relationship>
	</object>
	<object class="SingleSound" id="{019a3182-facb-4b83-ac24-1347f4efec32}">
		<property name="start">
			<value>288</value>
		</property>
		<property name="length">
			<value>3.961125</value>
		</property>
		<property name="timelockedOffset">
			<value>0.046875</value>
		</property>
		<relationship name="audioFile">
			<destination>{4c032411-c726-4472-97a4-985761613066}</destination>
		</relationship>
	</object>
	<object class="EventMixerGroup" id="{e26619ef-6512-4ede-9aaf-b311c2973d3f}">
		<property name="name">
			<value>Audio 3</value>
		</property>
		<relationship name="effectChain">
			<destination>{c5a526b1-57c1-40ec-9e89-1eca356c9fb1}</destination>
		</relationship>
		<relationship name="panner">
			<destination>{f10268ac-8560-470b-8dfd-5cefbebc2f6f}</destination>
		</relationship>
		<relationship name="output">
			<destination>{86ba7923-3f0c-4563-b467-c235df61bacd}</destination>
		</relationship>
	</object>
	<object class="TempoMarker" id="{c3377a86-b7d5-46fa-9477-02b452f73d5b}">
		<property name="position">
			<value>0</value>
		</property>
		<relationship name="timeline">
			<destination>{5111fb30-50c2-43b1-bf6f-6efb3b252413}</destination>
		</relationship>
		<relationship name="markerTrack">
			<destination>{f587e037-a79f-4c5c-acb3-15db229d1ded}</destination>
		</relationship>
	</object>
	<object class="NamedMarker" id="{01a45c59-6aea-4f1e-87b5-22d5be7818cf}">
		<property name="position">
			<value>2</value>
		</property>
		<property name="name">
			<value>Start</value>
		</property>
		<relationship name="timeline">
			<destination>{5111fb30-50c2-43b1-bf6f-6efb3b252413}</destination>
		</relationship>
		<relationship name="markerTrack">
			<destination>{3bf67b9e-ed41-41ea-abc1-5e2abd1a85d6}</destination>
		</relationship>
	</object>
	<object class="TransitionMarker" id="{328c27ff-0e5a-488c-bee8-4b8660e85ac5}">
		<property name="position">
			<value>0</value>
		</property>
		<relationship name="timeline">
			<destination>{5111fb30-50c2-43b1-bf6f-6efb3b252413}</destination>
		</relationship>
		<relationship name="markerTrack">
			<destination>{8c4dfd0f-f98a-40ae-92c9-7c154eea936a}</destination>
		</relationship>
		<relationship name="destination">
			<destination>{01a45c59-6aea-4f1e-87b5-22d5be7818cf}</destination>
		</relationship>
	</object>
	<object class="NamedMarker" id="{451b2b3f-ea77-4f11-b91a-c9128b8985fd}">
		<property name="position">
			<value>288</value>
		</property>
		<property name="name">
			<value>End</value>
		</property>
		<relationship name="timeline">
			<destination>{5111fb30-50c2-43b1-bf6f-6efb3b252413}</destination>
		</relationship>
		<relationship name="markerTrack">
			<destination>{c9256eba-4c24-4a0b-9e0a-3ee447f9793a}</destination>
		</relationship>
	</object>
	<object class="TransitionRegion" id="{5a70d2b7-e85a-4dba-bffa-cf2178956500}">
		<property name="position">
			<value>2</value>
		</property>
		<property name="length">
			<value>112</value>
		</property>
		<property name="quantizationInterval">
			<value>2</value>
		</property>
		<relationship name="timeline">
			<destination>{5111fb30-50c2-43b1-bf6f-6efb3b252413}</destination>
		</relationship>
		<relationship name="markerTrack">
			<destination>{801b443c-e1f6-4bc0-8007-dcbf0fe5993e}</destination>
		</relationship>
		<relationship name="destination">
			<destination>{451b2b3f-ea77-4f11-b91a-c9128b8985fd}</destination>
		</relationship>
		<relationship name="triggerConditions">
			<destination>{bcd2144c-5447-4ca0-b7eb-518a8901415b}</destination>
		</relationship>
	</object>
	<object class="LoopRegion" id="{38482c8e-7969-42d4-b50f-cfe79f3478c4}">
		<property name="position">
			<value>18</value>
		</property>
		<property name="length">
			<value>96.000000000000014</value>
		</property>
		<property name="name">
			<value>main loop</value>
		</property>
		<relationship name="timeline">
			<destination>{5111fb30-50c2-43b1-bf6f-6efb3b252413}</destination>
		</relationship>
		<relationship name="markerTrack">
			<destination>{c9256eba-4c24-4a0b-9e0a-3ee447f9793a}</destination>
		</relationship>
	</object>
	<object class="LoopRegion" id="{e9f1820a-c1d6-436d-90d6-a2e3b4d52bfe}">
		<property name="position">
			<value>160</value>
		</property>
		<property name="length">
			<value>96.000000000000014</value>
		</property>
		<property name="name">
			<value>shop loop</value>
		</property>
		<relationship name="timeline">
			<destination>{5111fb30-50c2-43b1-bf6f-6efb3b252413}</destination>
		</relationship>
		<relationship name="markerTrack">
			<destination>{c9256eba-4c24-4a0b-9e0a-3ee447f9793a}</destination>
		</relationship>
	</object>
	<object class="TransitionRegion" id="{c31654fc-a100-4320-a68b-db152177e707}">
		<property name="position">
			<value>160</value>
		</property>
		<property name="length">
			<value>96</value>
		</property>
		<property name="quantizationInterval">
			<value>2</value>
		</property>
		<relationship name="timeline">
			<destination>{5111fb30-50c2-43b1-bf6f-6efb3b252413}</destination>
		</relationship>
		<relationship name="markerTrack">
			<destination>{801b443c-e1f6-4bc0-8007-dcbf0fe5993e}</destination>
		</relationship>
		<relationship name="destination">
			<destination>{451b2b3f-ea77-4f11-b91a-c9128b8985fd}</destination>
		</relationship>
		<relationship name="triggerConditions">
			<destination>{8d4295cc-4106-43f2-9317-7ca0c0cd3ce2}</destination>
		</relationship>
	</object>
	<object class="TransitionRegion" id="{4bbe77ed-73f3-421e-a65e-3d96ed0fb0b6}">
		<property name="position">
			<value>18</value>
		</property>
		<property name="length">
			<value>96.000000000000014</value>
		</property>
		<property name="quantizationInterval">
			<value>5</value>
		</property>
		<property name="transitionOffset">
			<value>1</value>
		</property>
		<relationship name="timeline">
			<destination>{5111fb30-50c2-43b1-bf6f-6efb3b252413}</destination>
		</relationship>
		<relationship name="markerTrack">
			<destination>{3bf67b9e-ed41-41ea-abc1-5e2abd1a85d6}</destination>
		</relationship>
		<relationship name="destination">
			<destination>{e9f1820a-c1d6-436d-90d6-a2e3b4d52bfe}</destination>
		</relationship>
		<relationship name="triggerConditions">
			<destination>{77005a59-1060-4b3d-b024-f673d364b27f}</destination>
		</relationship>
	</object>
	<object class="TransitionRegion" id="{43031bb1-98b1-4371-a41b-f6ef49fdb854}">
		<property name="position">
			<value>160</value>
		</property>
		<property name="length">
			<value>96.000000000000014</value>
		</property>
		<property name="quantizationInterval">
			<value>5</value>
		</property>
		<property name="transitionOffset">
			<value>1</value>
		</property>
		<relationship name="timeline">
			<destination>{5111fb30-50c2-43b1-bf6f-6efb3b252413}</destination>
		</relationship>
		<relationship name="markerTrack">
			<destination>{3bf67b9e-ed41-41ea-abc1-5e2abd1a85d6}</destination>
		</relationship>
		<relationship name="destination">
			<destination>{38482c8e-7969-42d4-b50f-cfe79f3478c4}</destination>
		</relationship>
		<relationship name="triggerConditions">
			<destination>{1c875922-3362-4ef8-a69d-d582ca648d44}</destination>
		</relationship>
	</object>
	<object class="MixerBusEffectChain" id="{2b4a7901-4d1c-4549-8ec7-1fa7f804b3fc}">
		<relationship name="effects">
			<destination>{f48ff0c3-1b02-4b8c-990d-521ae49263a6}</destination>
			<destination>{921a61c8-cae4-482a-aad8-d58d7dbad3eb}</destination>
		</relationship>
	</object>
	<object class="MixerBusPanner" id="{dbbabd23-c456-4fa5-b69b-11d405e014f2}" />
	<object class="MixerBusFader" id="{b4a0a69b-8aba-4c4c-9d9d-c87e8ee14427}" />
	<object class="MixerBusEffectChain" id="{aef8a365-2eeb-48a8-b356-1a6ad87d2b35}">
		<relationship name="effects">
			<destination>{812ce198-b65d-4da6-a2b0-be9d9c5fa6a6}</destination>
		</relationship>
	</object>
	<object class="MixerBusPanner" id="{66584559-f7e8-445f-afad-2d201f083d3d}" />
	<object class="MixerBusEffectChain" id="{b3d2b4dc-9e19-4806-a9e2-3da80a7a4585}">
		<relationship name="effects">
			<destination>{3cc13a88-3293-441a-aa7a-81026843c165}</destination>
		</relationship>
	</object>
	<object class="MixerBusPanner" id="{5d28e2a5-d818-425f-a6b1-e97657b32fa6}" />
	<object class="MixerBusEffectChain" id="{c5a526b1-57c1-40ec-9e89-1eca356c9fb1}">
		<relationship name="effects">
			<destination>{5a57e857-fc3c-4377-860d-2bfb4c086efb}</destination>
		</relationship>
	</object>
	<object class="MixerBusPanner" id="{f10268ac-8560-470b-8dfd-5cefbebc2f6f}" />
	<object class="ParameterCondition" id="{bcd2144c-5447-4ca0-b7eb-518a8901415b}">
		<property name="minimum">
			<value>1</value>
		</property>
		<property name="maximum">
			<value>1</value>
		</property>
		<relationship name="parameter">
			<destination>{f3cb46f0-22b6-4eba-8810-c56a3a010a65}</destination>
		</relationship>
	</object>
	<object class="ParameterCondition" id="{8d4295cc-4106-43f2-9317-7ca0c0cd3ce2}">
		<property name="minimum">
			<value>1</value>
		</property>
		<property name="maximum">
			<value>1</value>
		</property>
		<relationship name="parameter">
			<destination>{f3cb46f0-22b6-4eba-8810-c56a3a010a65}</destination>
		</relationship>
	</object>
	<object class="ParameterCondition" id="{77005a59-1060-4b3d-b024-f673d364b27f}">
		<property name="minimum">
			<value>1</value>
		</property>
		<property name="maximum">
			<value>1</value>
		</property>
		<relationship name="parameter">
			<destination>{731209d3-603e-4e6e-9bd9-fe4e84470e68}</destination>
		</relationship>
	</object>
	<object class="ParameterCondition" id="{1c875922-3362-4ef8-a69d-d582ca648d44}">
		<property name="minimum">
			<value>0</value>
		</property>
		<property name="maximum">
			<value>0</value>
		</property>
		<relationship name="parameter">
			<destination>{731209d3-603e-4e6e-9bd9-fe4e84470e68}</destination>
		</relationship>
	</object>
	<object class="MixerBusFader" id="{f48ff0c3-1b02-4b8c-990d-521ae49263a6}" />
	<object class="MultibandEqEffect" id="{921a61c8-cae4-482a-aad8-d58d7dbad3eb}">
		<property name="filterTypeA">
			<value>2</value>
		</property>
		<property name="frequencyA">
			<value>540</value>
		</property>
		<property name="qualityA">
			<value>0.602344871</value>
		</property>
		<relationship name="automators">
			<destination>{b8d5030b-f2eb-4aa7-8b87-2ef4ef217eca}</destination>
		</relationship>
	</object>
	<object class="MixerBusFader" id="{812ce198-b65d-4da6-a2b0-be9d9c5fa6a6}" />
	<object class="MixerBusFader" id="{3cc13a88-3293-441a-aa7a-81026843c165}" />
	<object class="MixerBusFader" id="{5a57e857-fc3c-4377-860d-2bfb4c086efb}" />
	<object class="Automator" id="{b8d5030b-f2eb-4aa7-8b87-2ef4ef217eca}">
		<property name="nameOfPropertyBeingAutomated">
			<value>frequencyA</value>
		</property>
		<relationship name="automationCurves">
			<destination>{d82f653c-19d9-45bb-a0b5-c3ffeca3e043}</destination>
		</relationship>
	</object>
	<object class="AutomationCurve" id="{d82f653c-19d9-45bb-a0b5-c3ffeca3e043}">
		<relationship name="parameter">
			<destination>{5c95a7f2-a16c-4f1f-bad0-ce79ac697425}</destination>
		</relationship>
		<relationship name="automationPoints">
			<destination>{fd73a593-1fe0-4570-907e-792b716912b9}</destination>
			<destination>{0bdfc138-e74d-4eca-b293-0a4b40d2a748}</destination>
		</relationship>
	</object>
	<object class="AutomationPoint" id="{fd73a593-1fe0-4570-907e-792b716912b9}">
		<property name="position">
			<value>0</value>
		</property>
		<property name="value">
			<value>22000</value>
		</property>
	</object>
	<object class="AutomationPoint" id="{0bdfc138-e74d-4eca-b293-0a4b40d2a748}">
		<property name="position">
			<value>0.5</value>
		</property>
		<property name="value">
			<value>539.999939</value>
		</property>
	</object>
</objects>
