<?xml version="1.0" encoding="UTF-8"?>
<objects serializationModel="Studio.02.02.00">
	<object class="Event" id="{f20d3612-860f-4bed-bec8-01241c27590f}">
		<property name="name">
			<value>Test</value>
		</property>
		<property name="outputFormat">
			<value>1</value>
		</property>
		<relationship name="folder">
			<destination>{4d33030c-dae2-40e1-9e48-391bcc05c32f}</destination>
		</relationship>
		<relationship name="mixer">
			<destination>{3cf62790-5f3e-43b6-88df-561c9472c7da}</destination>
		</relationship>
		<relationship name="masterTrack">
			<destination>{d9af80ff-5f30-433d-80bc-2b7c2ba1d625}</destination>
		</relationship>
		<relationship name="mixerInput">
			<destination>{9106de33-f1a0-4f94-9ee4-b9b33f18201d}</destination>
		</relationship>
		<relationship name="automatableProperties">
			<destination>{ecd03652-0c7d-4c73-8780-42bdec6ac5e8}</destination>
		</relationship>
		<relationship name="markerTracks">
			<destination>{a5646736-8a5b-4625-90d8-278789efb3f6}</destination>
		</relationship>
		<relationship name="timeline">
			<destination>{43bb8910-8b84-4c69-97d4-8645112828b8}</destination>
		</relationship>
		<relationship name="banks">
			<destination>{7cd86a54-5629-44b1-a122-c8ce3426c02c}</destination>
		</relationship>
	</object>
	<object class="EventMixer" id="{3cf62790-5f3e-43b6-88df-561c9472c7da}">
		<relationship name="masterBus">
			<destination>{588b567b-cb7f-4bf3-9be3-38889be4f8f1}</destination>
		</relationship>
	</object>
	<object class="MasterTrack" id="{d9af80ff-5f30-433d-80bc-2b7c2ba1d625}">
		<relationship name="modules">
			<destination>{e41004a2-8b1a-49dc-9aed-b3ef35ac65b9}</destination>
		</relationship>
		<relationship name="mixerGroup">
			<destination>{588b567b-cb7f-4bf3-9be3-38889be4f8f1}</destination>
		</relationship>
	</object>
	<object class="MixerInput" id="{9106de33-f1a0-4f94-9ee4-b9b33f18201d}">
		<relationship name="effectChain">
			<destination>{941c8f20-a7b4-4c53-bffa-fe5a88f32155}</destination>
		</relationship>
		<relationship name="panner">
			<destination>{a51c73f8-83c6-479a-bb96-0c4cd4c6638e}</destination>
		</relationship>
		<relationship name="output">
			<destination>{0f549ab5-6e2c-42cf-937c-a5ca4d3dbaed}</destination>
		</relationship>
	</object>
	<object class="EventAutomatableProperties" id="{ecd03652-0c7d-4c73-8780-42bdec6ac5e8}" />
	<object class="MarkerTrack" id="{a5646736-8a5b-4625-90d8-278789efb3f6}" />
	<object class="Timeline" id="{43bb8910-8b84-4c69-97d4-8645112828b8}">
		<relationship name="modules">
			<destination>{e41004a2-8b1a-49dc-9aed-b3ef35ac65b9}</destination>
		</relationship>
		<relationship name="markers">
			<destination>{69a54024-5632-4c1b-9d0f-5baa38fc8bb7}</destination>
		</relationship>
	</object>
	<object class="EventMixerMaster" id="{588b567b-cb7f-4bf3-9be3-38889be4f8f1}">
		<relationship name="effectChain">
			<destination>{57e41388-2e53-40c9-aadf-b73e06a4a3a3}</destination>
		</relationship>
		<relationship name="panner">
			<destination>{05564f7e-6ce1-4c12-8616-1580b00e8476}</destination>
		</relationship>
		<relationship name="mixer">
			<destination>{3cf62790-5f3e-43b6-88df-561c9472c7da}</destination>
		</relationship>
	</object>
	<object class="SingleSound" id="{e41004a2-8b1a-49dc-9aed-b3ef35ac65b9}">
		<property name="length">
			<value>73.112583333333333</value>
		</property>
		<relationship name="audioFile">
			<destination>{783ecbad-e945-4d6b-806c-3d710db63467}</destination>
		</relationship>
	</object>
	<object class="MixerBusEffectChain" id="{941c8f20-a7b4-4c53-bffa-fe5a88f32155}">
		<relationship name="effects">
			<destination>{8f769ff6-dcb0-4dab-972b-ca0e1bb14ac6}</destination>
		</relationship>
	</object>
	<object class="MixerBusPanner" id="{a51c73f8-83c6-479a-bb96-0c4cd4c6638e}" />
	<object class="LoopRegion" id="{69a54024-5632-4c1b-9d0f-5baa38fc8bb7}">
		<property name="position">
			<value>0</value>
		</property>
		<property name="length">
			<value>73.112583333333333</value>
		</property>
		<relationship name="timeline">
			<destination>{43bb8910-8b84-4c69-97d4-8645112828b8}</destination>
		</relationship>
		<relationship name="markerTrack">
			<destination>{a5646736-8a5b-4625-90d8-278789efb3f6}</destination>
		</relationship>
	</object>
	<object class="MixerBusEffectChain" id="{57e41388-2e53-40c9-aadf-b73e06a4a3a3}">
		<relationship name="effects">
			<destination>{5ff42134-42e0-4efd-8bd7-e555ac7e5df8}</destination>
		</relationship>
	</object>
	<object class="MixerBusPanner" id="{05564f7e-6ce1-4c12-8616-1580b00e8476}" />
	<object class="MixerBusFader" id="{8f769ff6-dcb0-4dab-972b-ca0e1bb14ac6}" />
	<object class="MixerBusFader" id="{5ff42134-42e0-4efd-8bd7-e555ac7e5df8}" />
</objects>
