<?xml version="1.0" encoding="UTF-8"?>
<objects serializationModel="Studio.02.02.00">
	<object class="AudioFile" id="{783ecbad-e945-4d6b-806c-3d710db63467}">
		<property name="assetPath">
			<value>Test/8_bit.wav</value>
		</property>
		<property name="isStreaming">
			<value>true</value>
		</property>
		<property name="frequencyInKHz">
			<value>48</value>
		</property>
		<property name="channelCount">
			<value>2</value>
		</property>
		<property name="length">
			<value>73.112583333333333</value>
		</property>
		<relationship name="masterAssetFolder">
			<destination>{db591196-70da-4217-bc9d-da8efffe4938}</destination>
		</relationship>
	</object>
</objects>
