<?xml version="1.0" encoding="UTF-8"?>
<objects serializationModel="Studio.02.02.00">
	<object class="AudioFile" id="{8c2f49fb-62ce-4c5b-82fe-8fb85cff7919}">
		<property name="assetPath">
			<value>Musique/Waiting for transaction (loop + start of loop) (1).mp3</value>
		</property>
		<property name="isStreaming">
			<value>true</value>
		</property>
		<property name="frequencyInKHz">
			<value>48</value>
		</property>
		<property name="channelCount">
			<value>2</value>
		</property>
		<property name="length">
			<value>48</value>
		</property>
		<relationship name="masterAssetFolder">
			<destination>{db591196-70da-4217-bc9d-da8efffe4938}</destination>
		</relationship>
	</object>
</objects>
