<?xml version="1.0" encoding="UTF-8"?>
<objects serializationModel="Studio.02.02.00">
	<object class="AudioFile" id="{d6d890af-c53b-416e-904d-fbaf45bc9e09}">
		<property name="assetPath">
			<value>Musique/Arcade capitalist (intro + one loop).mp3</value>
		</property>
		<property name="isStreaming">
			<value>true</value>
		</property>
		<property name="frequencyInKHz">
			<value>48</value>
		</property>
		<property name="channelCount">
			<value>2</value>
		</property>
		<property name="length">
			<value>112.008</value>
		</property>
		<relationship name="masterAssetFolder">
			<destination>{db591196-70da-4217-bc9d-da8efffe4938}</destination>
		</relationship>
	</object>
</objects>
