<?xml version="1.0" encoding="UTF-8"?>
<objects serializationModel="Studio.02.02.00">
	<object class="MixerReturn" id="{49793098-fd45-47fc-8165-36414a7344bd}">
		<property name="overridingInputFormat">
			<value>2</value>
		</property>
		<property name="name">
			<value>Reverb</value>
		</property>
		<relationship name="effectChain">
			<destination>{d8356d85-1924-4473-8df7-43b8b3716430}</destination>
		</relationship>
		<relationship name="panner">
			<destination>{57d61df6-50a4-4c23-8fe8-ab8201ff0eb0}</destination>
		</relationship>
		<relationship name="output">
			<destination>{0f549ab5-6e2c-42cf-937c-a5ca4d3dbaed}</destination>
		</relationship>
	</object>
	<object class="MixerBusEffectChain" id="{d8356d85-1924-4473-8df7-43b8b3716430}">
		<relationship name="effects">
			<destination>{a410b16a-bb05-41d5-b2b1-fd70be3767a7}</destination>
			<destination>{5c7020c0-cdab-4fab-ab97-cf83303aa5af}</destination>
		</relationship>
	</object>
	<object class="MixerBusPanner" id="{57d61df6-50a4-4c23-8fe8-ab8201ff0eb0}" />
	<object class="SFXReverbEffect" id="{a410b16a-bb05-41d5-b2b1-fd70be3767a7}">
		<property name="wetLevel">
			<value>0</value>
		</property>
		<property name="dryLevel">
			<value>-80</value>
		</property>
	</object>
	<object class="MixerBusFader" id="{5c7020c0-cdab-4fab-ab97-cf83303aa5af}" />
</objects>
