<?xml version="1.0" encoding="UTF-8"?>
<objects serializationModel="Studio.02.02.00">
	<object class="MixerGroup" id="{02d592e2-6eec-4351-b4e8-dca5c1905e06}">
		<property name="name">
			<value>Music</value>
		</property>
		<relationship name="effectChain">
			<destination>{ab6f0569-2ad1-4c51-b040-50d11c39e42a}</destination>
		</relationship>
		<relationship name="panner">
			<destination>{f9d17cd7-d1b7-4899-9277-abc2672d5981}</destination>
		</relationship>
		<relationship name="output">
			<destination>{0f549ab5-6e2c-42cf-937c-a5ca4d3dbaed}</destination>
		</relationship>
	</object>
	<object class="MixerBusEffectChain" id="{ab6f0569-2ad1-4c51-b040-50d11c39e42a}">
		<relationship name="effects">
			<destination>{26f720f9-c3bb-402b-9dba-2d8ff82eb7b5}</destination>
		</relationship>
	</object>
	<object class="MixerBusPanner" id="{f9d17cd7-d1b7-4899-9277-abc2672d5981}" />
	<object class="MixerBusFader" id="{26f720f9-c3bb-402b-9dba-2d8ff82eb7b5}" />
</objects>
