<?xml version="1.0" encoding="UTF-8"?>
<objects serializationModel="Studio.02.02.00">
	<object class="MixerGroup" id="{5a83c810-0adf-4826-a93c-74f524007833}">
		<property name="name">
			<value>SFX</value>
		</property>
		<relationship name="effectChain">
			<destination>{b511791e-f80e-4db1-bdc6-01bf269435f0}</destination>
		</relationship>
		<relationship name="panner">
			<destination>{2da9a47f-a0ac-484f-84a9-a5ff64a06133}</destination>
		</relationship>
		<relationship name="output">
			<destination>{0f549ab5-6e2c-42cf-937c-a5ca4d3dbaed}</destination>
		</relationship>
	</object>
	<object class="MixerBusEffectChain" id="{b511791e-f80e-4db1-bdc6-01bf269435f0}">
		<relationship name="effects">
			<destination>{ac2d2f63-e5e2-4b46-8233-af93edf1f02c}</destination>
		</relationship>
	</object>
	<object class="MixerBusPanner" id="{2da9a47f-a0ac-484f-84a9-a5ff64a06133}" />
	<object class="MixerBusFader" id="{ac2d2f63-e5e2-4b46-8233-af93edf1f02c}" />
</objects>
