<?xml version="1.0" encoding="UTF-8"?>
<objects serializationModel="Studio.02.02.00">
	<object class="MixerMaster" id="{0f549ab5-6e2c-42cf-937c-a5ca4d3dbaed}">
		<property name="name">
			<value>Master Bus</value>
		</property>
		<relationship name="effectChain">
			<destination>{a0e02bbf-7c63-4704-b1a3-884032833110}</destination>
		</relationship>
		<relationship name="panner">
			<destination>{1c57466f-ce0a-4289-9862-07756008d301}</destination>
		</relationship>
		<relationship name="mixer">
			<destination>{c0f340ea-bc54-4884-86aa-985e2e6a18b2}</destination>
		</relationship>
	</object>
	<object class="MixerBusEffectChain" id="{a0e02bbf-7c63-4704-b1a3-884032833110}">
		<relationship name="effects">
			<destination>{dd0ed892-f819-4abf-bb72-9c305f933a19}</destination>
		</relationship>
	</object>
	<object class="MixerBusPanner" id="{1c57466f-ce0a-4289-9862-07756008d301}">
		<property name="overridingOutputFormat">
			<value>2</value>
		</property>
	</object>
	<object class="MixerBusFader" id="{dd0ed892-f819-4abf-bb72-9c305f933a19}" />
</objects>
