<?xml version="1.0" encoding="UTF-8"?>
<objects serializationModel="Studio.02.02.00">
	<object class="Workspace" id="{ee89fc41-66e9-4248-a04d-96a8cfb65826}">
		<property name="builtBanksOutputDirectory">
			<value>../../Assets/FMODBanks</value>
		</property>
		<relationship name="masterEventFolder">
			<destination>{4d33030c-dae2-40e1-9e48-391bcc05c32f}</destination>
		</relationship>
		<relationship name="masterTagFolder">
			<destination>{c8db37c3-2fda-4a1f-9ed1-bac63ea78b14}</destination>
		</relationship>
		<relationship name="masterEffectPresetFolder">
			<destination>{654db073-4958-4f89-a35c-ca19585f1709}</destination>
		</relationship>
		<relationship name="masterParameterPresetFolder">
			<destination>{38d45f51-3366-49a3-8fe6-f56eca807c46}</destination>
		</relationship>
		<relationship name="masterBankFolder">
			<destination>{79db62fc-dd98-407b-9c7e-e4f2f675d2ae}</destination>
		</relationship>
		<relationship name="masterSandboxFolder">
			<destination>{c8749fe3-83f8-43bf-a8d7-2cd849832f05}</destination>
		</relationship>
		<relationship name="masterAssetFolder">
			<destination>{db591196-70da-4217-bc9d-da8efffe4938}</destination>
		</relationship>
		<relationship name="mixer">
			<destination>{c0f340ea-bc54-4884-86aa-985e2e6a18b2}</destination>
		</relationship>
		<relationship name="profilerSessionFolder">
			<destination>{d9968483-2ec1-4ab1-9587-0fac07926ad2}</destination>
		</relationship>
		<relationship name="platforms">
			<destination>{d1f2aec6-b87d-4c77-baaa-f9a6e3d7e694}</destination>
		</relationship>
	</object>
</objects>
